season,round,circuit_id,weather,weather_warm,weather_cold,weather_dry,weather_wet,weather_cloudy
1950,1,silverstone,"Sunny, Mild, Dry",0,0,1,0,0
1950,2,monaco,Soleggiato,1,0,0,0,0
1950,3,indianapolis,Rainy,0,0,0,1,0
1950,4,bremgarten,"Warm, dry and sunny",1,0,1,0,0
1950,5,spa,"Warm, dry and sunny",1,0,1,0,0
1950,6,reims,Hot and sunny,1,0,0,0,0
1950,7,monza,"Warm, hot and sunny",1,0,0,0,0
1951,1,bremgarten,"Overcast, rain",0,0,0,1,0
1951,2,indianapolis,Warm and sunny,1,0,0,0,0
1951,3,spa,"Sunny, Mild, Dry",0,0,1,0,0
1951,4,reims,"Sunny, Hot, Dry",0,0,1,0,0
1951,5,silverstone,"Mild, Dry",0,0,1,0,0
1951,6,nurburgring,"Sunny, Mild, Dry",0,0,1,0,0
1951,7,monza,Warm and sunny,1,0,0,0,0
1951,8,pedralbes,"Hot, Dry",0,0,1,0,0
1952,1,bremgarten,Sunny,1,0,0,0,0
1952,2,indianapolis,Warm and sunny,1,0,0,0,0
1952,3,spa,Rain,0,0,0,1,0
1952,4,essarts,Rain,0,0,0,1,0
1952,5,silverstone,"Overcast, Dry",0,0,1,0,0
1952,6,nurburgring,Sunny,1,0,0,0,0
1952,7,zandvoort,Rainy,0,0,0,1,0
1952,8,monza,Sunny,1,0,0,0,0
1953,1,galvez,"Hot, dry",0,0,1,0,0
1953,2,indianapolis,Extremely hot,1,0,0,0,0
1953,3,zandvoort,"Sunny, mild, dry",0,0,1,0,0
1953,4,spa,"Hot, dry",0,0,1,0,0
1953,5,reims,"Hot, dry",0,0,1,0,0
1953,6,silverstone,"Overcast, showers",0,0,0,1,0
1953,7,nurburgring,"Sunny, mild, dry",0,0,1,0,0
1953,8,bremgarten,"Sunny, mild, dry",0,0,1,0,0
1953,9,monza,"Sunny, mild, dry",0,0,1,0,0
1954,1,galvez,"Overcast, wet",0,0,0,1,0
1954,2,indianapolis,Very hot and sunny,1,0,0,0,0
1954,3,spa,"Sunny, mild, dry",0,0,1,0,0
1954,4,reims,"Overcast, wet",0,0,0,1,0
1954,5,silverstone,"Cold, wet",0,0,0,1,0
1954,6,nurburgring,"Sunny, dry",0,0,1,0,0
1954,7,bremgarten,Rain,0,0,0,1,0
1954,8,monza,"Sunny, mild, dry",0,0,1,0,0
1954,9,pedralbes,"Sunny, mild, dry",0,0,1,0,0
1955,1,galvez,Very hot and dry,1,0,1,0,0
1955,2,monaco,Sereno,1,0,0,0,0
1955,3,indianapolis,Cool and windy,0,1,0,0,0
1955,4,spa,Soleggiato,1,0,0,0,0
1955,5,zandvoort,Drizzly,0,0,0,0,0
1955,6,aintree,"Hot, dry.",0,0,0,0,0
1955,7,monza,Sereno,1,0,0,0,0
1956,1,galvez,Overcast but dry,0,0,1,0,1
1956,2,monaco,"Warm, dry, sunny",1,0,0,0,0
1956,3,indianapolis,"Overcast, dry track",0,0,1,0,0
1956,4,spa,"Wet and overcast, later drying",0,0,0,1,0
1956,5,reims,Coperto,0,0,0,0,1
1956,6,silverstone,"Overcast, dry",0,0,1,0,0
1956,7,nurburgring,Coperto,0,0,0,0,1
1956,8,monza,"Cloudy, warm, alternating light rain",0,0,0,1,0
1957,1,galvez,Sereno,1,0,0,0,0
1957,2,monaco,Risultati,0,0,0,0,0
1957,3,indianapolis,"Slightly overcast, dry track",0,0,1,0,0
1957,4,essarts,Sereno,1,0,0,0,0
1957,5,aintree,"Overcast, dry.",0,0,0,0,0
1957,6,nurburgring,Sereno,1,0,0,0,0
1957,7,pescara,"Sereno, caldo",0,0,0,0,0
1957,8,monza,Sereno,1,0,0,0,0
1958,1,galvez,Sereno,1,0,0,0,0
1958,2,monaco,Sereno,1,0,0,0,0
1958,3,zandvoort,Coperto,0,0,0,0,1
1958,4,indianapolis,Sereno,1,0,0,0,0
1958,5,spa,"Hot, dry",0,0,1,0,0
1958,6,reims,Sereno,1,0,0,0,0
1958,7,silverstone,Sereno,1,0,0,0,0
1958,8,nurburgring,Coperto,0,0,0,0,1
1958,9,boavista,Sereno,1,0,0,0,0
1958,10,monza,Sereno,1,0,0,0,0
1958,11,ain-diab,"Warm, dry, sunny",1,0,0,0,0
1959,1,monaco,"Hot, clear",1,0,0,0,0
1959,2,indianapolis,Nuvoloso,0,0,0,0,1
1959,3,zandvoort,Sunny,1,0,0,0,0
1959,4,reims,"Hot, dry",0,0,1,0,0
1959,5,aintree,Dry and sunny.,0,0,1,0,0
1959,6,avus,Dry and dull.,0,0,1,0,0
1959,7,monsanto,Hot and clear.,1,0,0,0,0
1959,8,monza,Dry and sunny,1,0,1,0,0
1959,9,sebring,Sunny with temperatures reaching up to 77Â Â°F (25Â Â°C); winds gusting up to 14 miles per hour (23Â km/h)[1],1,0,0,0,0
1960,1,galvez,Dry,0,0,1,0,0
1960,2,monaco,Pioggia,0,0,0,1,0
1960,3,indianapolis,Sereno,1,0,0,0,0
1960,4,zandvoort,Sereno,1,0,0,0,0
1960,5,spa,Sereno,1,0,0,0,0
1960,6,reims,Dry,0,0,1,0,0
1960,7,silverstone,"Dry, overcast.",0,0,0,0,0
1960,8,boavista,Sereno,1,0,0,0,0
1960,9,monza,"Warm, dry",0,0,1,0,0
1960,10,riverside,Temperatures up to 75.9Â Â°F (24.4Â Â°C); wind speeds up to 9.9 miles per hour (15.9Â km/h)[1],0,0,0,0,0
1961,1,monaco,Sunny,1,0,0,0,0
1961,2,zandvoort,Sunny,1,0,0,0,0
1961,3,spa,Sunny,1,0,0,0,0
1961,4,reims,Sunny,1,0,0,0,0
1961,5,aintree,"Torrential rain, drying later",0,0,0,0,0
1961,6,nurburgring,Wet,0,0,0,1,0
1961,7,monza,Sunny,1,0,0,0,0
1961,8,watkins_glen,Temperatures up to 72Â Â°F (22Â Â°C); wind speeds up to 8.9 miles per hour (14.3Â km/h)[1],0,0,0,0,0
1962,1,zandvoort,Sunny,1,0,0,0,0
1962,2,monaco,Cloudy,0,0,0,0,1
1962,3,spa,Sunny,1,0,0,0,0
1962,4,essarts,Sunny,1,0,0,0,0
1962,5,aintree,Sunny,1,0,0,0,0
1962,6,nurburgring,Heavy rain showers,0,0,0,1,0
1962,7,monza,"Dry, with rain later",0,0,0,1,0
1962,8,watkins_glen,Sunny,1,0,0,0,0
1962,9,george,"Dry, windy",0,0,0,0,0
1963,1,monaco,"Warm, dry and sunny",1,0,1,0,0
1963,2,spa,Wet and overcast,0,0,0,1,1
1963,3,zandvoort,Sunny,1,0,0,0,0
1963,4,reims,"Sunny, then rain",0,0,0,1,0
1963,5,silverstone,"Warm, dry and sunny",1,0,1,0,0
1963,6,nurburgring,"Warm, dry and sunny",1,0,1,0,0
1963,7,monza,"Warm, dry and sunny",1,0,1,0,0
1963,8,watkins_glen,Sunny,1,0,0,0,0
1963,9,rodriguez,"Overcast, Dry.",0,0,0,0,0
1963,10,george,"Hot, dry and windy",0,0,1,0,0
1964,1,monaco,Sereno,1,0,0,0,0
1964,2,zandvoort,Dry,0,0,1,0,0
1964,3,spa,Dry,0,0,1,0,0
1964,4,essarts,Dry,0,0,1,0,0
1964,5,brands_hatch,"Warm, dry",0,0,1,0,0
1964,6,nurburgring,Dry,0,0,1,0,0
1964,7,zeltweg,Dry,0,0,1,0,0
1964,8,monza,Dry,0,0,1,0,0
1964,9,watkins_glen,"Sunny, warm",1,0,0,0,0
1964,10,rodriguez,Soleggiato,1,0,0,0,0
1965,1,george,Coperto,0,0,0,0,1
1965,2,monaco,Coperto,0,0,0,0,1
1965,3,spa,Heavy rain,0,0,0,1,0
1965,4,charade,Sunny,1,0,0,0,0
1965,5,silverstone,"Warm, dry and overcast",0,0,1,0,1
1965,6,zandvoort,Coperto,0,0,0,0,1
1965,7,nurburgring,Overcast and dry,0,0,1,0,1
1965,8,monza,Soleggiato,1,0,0,0,0
1965,9,watkins_glen,"Rainy, windy, cold",0,1,0,0,0
1965,10,rodriguez,Soleggiato,1,0,0,0,0
1966,1,monaco,"Overcast, Mild, Dry",0,0,1,0,0
1966,2,spa,Overcast and wet,0,0,0,1,1
1966,3,reims,"Hot, dry",0,0,1,0,0
1966,4,brands_hatch,"Wet, drying later",0,0,0,0,0
1966,5,zandvoort,"Sunny, Mild, Dry",0,0,1,0,0
1966,6,nurburgring,Overcast and wet,0,0,0,1,1
1966,7,monza,"Warm, dry and sunny",1,0,1,0,0
1966,8,watkins_glen,"Cool, dry",0,0,1,0,0
1966,9,rodriguez,"Warm, clear",1,0,0,0,0
1967,1,kyalami,Risultati,0,0,0,0,0
1967,2,monaco,Risultati,0,0,0,0,0
1967,3,zandvoort,Risultati,0,0,0,0,0
1967,4,spa,Risultati,0,0,0,0,0
1967,5,lemans,Risultati,0,0,0,0,0
1967,6,silverstone,Risultati,0,0,0,0,0
1967,7,nurburgring,"Warm, dry and sunny",1,0,1,0,0
1967,8,mosport,Rainy with temperatures up to 24.4Â Â°C (75.9Â Â°F); wind speeds up to 8 kilometres per hour (5.0Â mph)[1],0,0,0,1,0
1967,9,monza,"Warm, dry",0,0,1,0,0
1967,10,watkins_glen,Sunny,1,0,0,0,0
1967,11,rodriguez,Risultati,0,0,0,0,0
1968,1,kyalami,"Very hot, dry",0,0,1,0,0
1968,2,jarama,"Hot, Dry",0,0,1,0,0
1968,3,monaco,"Sunny, Mild, Dry",0,0,1,0,0
1968,4,spa,"Overcast, Dry",0,0,1,0,0
1968,5,zandvoort,Showers,0,0,0,1,0
1968,6,essarts,Wet,0,0,0,1,0
1968,7,brands_hatch,"Hot, Dry",0,0,1,0,0
1968,8,nurburgring,"Hazy, Wet",0,0,0,1,0
1968,9,monza,"Hot, Dry",0,0,1,0,0
1968,10,tremblant,Sunny with temperatures reaching up to 27.8Â Â°C (82.0Â Â°F) and wind speeds up to 10.1 kilometres per hour (6.3Â mph); no precipitation reported throughout the day[1],1,0,0,0,0
1968,11,watkins_glen,Temperatures reaching a maximum of 51.1Â Â°F (10.6Â Â°C); wind speeds up to 14 miles per hour (23Â km/h)[1],0,0,0,0,0
1968,12,rodriguez,"Sunny, Mild, Dry",0,0,1,0,0
1969,1,kyalami,"Hot, Dry",0,0,1,0,0
1969,2,montjuic,"Sunny, mild, dry",0,0,1,0,0
1969,3,monaco,"Overcast, mild, dry",0,0,1,0,0
1969,4,zandvoort,"Sunny, mild, dry",0,0,1,0,0
1969,5,charade,"Sunny, mild, dry",0,0,1,0,0
1969,6,silverstone,"Overcast, dry",0,0,1,0,0
1969,7,nurburgring,Soleggiato,1,0,0,0,0
1969,8,monza,"Sunny, Dry",0,0,1,0,0
1969,9,mosport,Mild with temperatures approaching 21.1Â Â°C (70.0Â Â°F); wind speeds up to 10.1 kilometres per hour (6.3Â mph)[1],1,0,0,0,0
1969,10,watkins_glen,Dry with temperatures reaching up to 64Â Â°F (18Â Â°C); wind speeds up to 10.1 miles per hour (16.3Â km/h)[1],0,0,1,0,0
1969,11,rodriguez,Warm and dry,1,0,1,0,0
1970,1,kyalami,"Very hot, Dry",0,0,1,0,0
1970,2,jarama,"Very hot, Dry",0,0,1,0,0
1970,3,monaco,Sunny and warm,1,0,0,0,0
1970,4,spa,Soleggiato,1,0,0,0,0
1970,5,zandvoort,Cloudy,0,0,0,0,1
1970,6,charade,Overcast,0,0,0,0,1
1970,7,brands_hatch,Soleggiato,1,0,0,0,0
1970,8,hockenheimring,Soleggiato,1,0,0,0,0
1970,9,osterreichring,Soleggiato,1,0,0,0,0
1970,10,monza,"Sunny, Dry",0,0,1,0,0
1970,11,tremblant,Mild with temperatures approaching 23.3Â Â°C (73.9Â Â°F); winds gusting up to 10.1 kilometres per hour (6.3Â mph)[1],1,0,0,0,0
1970,12,watkins_glen,Cloudy and dry with temperatures reaching up to 50Â Â°F (10Â Â°C); winds gusting up to 15.9 miles per hour (25.6Â km/h)[1],0,0,1,0,1
1970,13,rodriguez,Soleggiato,1,0,0,0,0
1971,1,kyalami,"Sunny, Hot, Dry",0,0,1,0,0
1971,2,montjuic,"Sunny, Hot, Dry",0,0,1,0,0
1971,3,monaco,Overcast,0,0,0,0,1
1971,4,zandvoort,Wet,0,0,0,1,0
1971,5,ricard,Soleggiato,1,0,0,0,0
1971,6,silverstone,"Overcast, dry",0,0,1,0,0
1971,7,nurburgring,Soleggiato,1,0,0,0,0
1971,8,osterreichring,Dry,0,0,1,0,0
1971,9,monza,Soleggiato,1,0,0,0,0
1971,10,mosport,Chilly with temperatures approaching 17.8Â Â°C (64.0Â Â°F); wind speeds up to 8 kilometres per hour (5.0Â mph)[1],0,1,0,0,0
1971,11,watkins_glen,Dry,0,0,1,0,0
1972,1,galvez,Variabile,0,0,0,0,0
1972,2,kyalami,"Sunny, Hot, Dry",0,0,1,0,0
1972,3,jarama,Piovoso,0,0,0,0,0
1972,4,monaco,Wet,0,0,0,1,0
1972,5,nivelles,Soleggiato,1,0,0,0,0
1972,6,charade,Soleggiato,1,0,0,0,0
1972,7,brands_hatch,"Warm, dry",0,0,1,0,0
1972,8,nurburgring,Soleggiato,1,0,0,0,0
1972,9,osterreichring,"Sunny, hot",1,0,0,0,0
1972,10,monza,Dry and sunny,1,0,1,0,0
1972,11,mosport,Mild with temperatures approaching 22.8Â Â°C (73.0Â Â°F); wind speeds up to 12 kilometres per hour (7.5Â mph)[1],1,0,0,0,0
1972,12,watkins_glen,"Sunny at start, brief showers late",1,0,0,1,0
1973,1,galvez,Soleggiato,1,0,0,0,0
1973,2,interlagos,Partly cloudy and hot,1,0,0,0,1
1973,3,kyalami,"Sunny, Hot, Dry",0,0,1,0,0
1973,4,montjuic,"Sunny, Hot, Dry",0,0,1,0,0
1973,5,zolder,"Warm, dry",0,0,1,0,0
1973,6,monaco,Soleggiato,1,0,0,0,0
1973,7,anderstorp,Soleggiato,1,0,0,0,0
1973,8,ricard,Sunny and warm,1,0,0,0,0
1973,9,silverstone,Dry,0,0,1,0,0
1973,10,zandvoort,Dry,0,0,1,0,0
1973,11,nurburgring,Dry,0,0,1,0,0
1973,12,osterreichring,Soleggiato,1,0,0,0,0
1973,13,monza,Soleggiato,1,0,0,0,0
1973,14,mosport,Mild with temperatures approaching 22.2Â Â°C (72.0Â Â°F); wind speeds up to 11.8 kilometres per hour (7.3Â mph)[1],1,0,0,0,0
1973,15,watkins_glen,Cloudy with temperatures approaching 68Â Â°F (20Â Â°C); wind speeds up to 8 miles per hour (13Â km/h)[1],0,0,0,0,1
1974,1,galvez,Hot and sunny,1,0,0,0,0
1974,2,interlagos,"Cloudy and dry in the first phase, then seasonal monsoon later.",0,0,1,0,1
1974,3,kyalami,Soleggiato,1,0,0,0,0
1974,4,jarama,Piovoso,0,0,0,0,0
1974,5,nivelles,Soleggiato,1,0,0,0,0
1974,6,monaco,Soleggiato,1,0,0,0,0
1974,7,anderstorp,Soleggiato,1,0,0,0,0
1974,8,zandvoort,Soleggiato,1,0,0,0,0
1974,9,dijon,Soleggiato,1,0,0,0,0
1974,10,brands_hatch,Nuvoloso,0,0,0,0,1
1974,11,nurburgring,"Overcast, showers",0,0,0,1,0
1974,12,osterreichring,Soleggiato,1,0,0,0,0
1974,13,monza,Soleggiato,1,0,0,0,0
1974,14,mosport,Cold with temperatures approaching 13.3Â Â°C (55.9Â Â°F); wind speeds up to 15 kilometres per hour (9.3Â mph)[1],0,1,0,0,0
1974,15,watkins_glen,"Clear, warm",1,0,0,0,0
1975,1,galvez,Hot and sunny,1,0,0,0,0
1975,2,interlagos,Hot and dry,1,0,1,0,0
1975,3,kyalami,Sunny,1,0,0,0,0
1975,4,montjuic,Sunny,1,0,0,0,0
1975,5,monaco,"Rain, later drying",0,0,0,0,0
1975,6,zolder,Dry and sunny,1,0,1,0,0
1975,7,anderstorp,Dry,0,0,1,0,0
1975,8,zandvoort,"Wet, drying later",0,0,0,0,0
1975,9,ricard,Dry and sunny,1,0,1,0,0
1975,10,silverstone,"Sunny, then overcast, then heavy rain",0,0,0,1,0
1975,11,nurburgring,Dry and sunny,1,0,1,0,0
1975,12,osterreichring,Heavy rain,0,0,0,1,0
1975,13,monza,Dry and sunny,1,0,1,0,0
1975,14,watkins_glen,Partly sunny with temperatures reaching a maximum of 69.1Â Â°F (20.6Â Â°C); wind speeds up to 14 miles per hour (23Â km/h)[1],1,0,0,0,0
1976,1,interlagos,Sunny,1,0,0,0,0
1976,2,kyalami,Sunny,1,0,0,0,0
1976,3,long_beach,Hot and sunny with temperatures reaching up to 70Â Â°F (21Â Â°C); wind speeds approaching speeds up to 15 miles per hour (24Â km/h)[1],1,0,0,0,0
1976,4,jarama,Soleggiato,1,0,0,0,0
1976,5,zolder,Soleggiato,1,0,0,0,0
1976,6,monaco,Dry,0,0,1,0,0
1976,7,anderstorp,Dry,0,0,1,0,0
1976,8,ricard,Soleggiato,1,0,0,0,0
1976,9,brands_hatch,Dry,0,0,1,0,0
1976,10,nurburgring,"Rain at start, later drying",0,0,0,1,0
1976,11,osterreichring,Piovoso,0,0,0,0,0
1976,12,zandvoort,"Warm, dry",0,0,1,0,0
1976,13,monza,Soleggiato poi pioggia poi asciutto,1,0,1,1,0
1976,14,mosport,Mild with temperatures approaching 22Â Â°C (72Â Â°F); wind speeds up to 8.9 kilometres per hour (5.5Â mph)[1],1,0,0,0,0
1976,15,watkins_glen,Sunny with temperatures reaching up to 61Â Â°F (16Â Â°C); winds gusting up to 15.9 miles per hour (25.6Â km/h)[1],1,0,0,0,0
1976,16,fuji,"Very wet and misty, eventually drying",0,0,0,1,0
1977,1,galvez,Dry,0,0,1,0,0
1977,2,interlagos,Dry,0,0,1,0,0
1977,3,kyalami,Sunny,1,0,0,0,0
1977,4,long_beach,Sunny with temperatures reaching up to 68Â Â°F (20Â Â°C); winds gusting up to 10.9 miles per hour (17.5Â km/h)[1],1,0,0,0,0
1977,5,jarama,Soleggiato,1,0,0,0,0
1977,6,monaco,Dry,0,0,1,0,0
1977,7,zolder,Wet,0,0,0,1,0
1977,8,anderstorp,Dry,0,0,1,0,0
1977,9,dijon,Dry,0,0,1,0,0
1977,10,silverstone,Sunny,1,0,0,0,0
1977,11,hockenheimring,Dry,0,0,1,0,0
1977,12,osterreichring,"Wet, then drying",0,0,0,0,0
1977,13,zandvoort,Dry,0,0,1,0,0
1977,14,monza,Dry,0,0,1,0,0
1977,15,watkins_glen,Rain with temperatures reaching up to 63Â Â°F (17Â Â°C); winds gusting up to 12.8 miles per hour (20.6Â km/h)[1],0,0,0,1,0
1977,16,mosport,Cold with temperatures approaching 12Â Â°C (54Â Â°F); wind speeds up to 12.8 kilometres per hour (8.0Â mph)[1],0,1,0,0,0
1977,17,fuji,Dry,0,0,1,0,0
1978,1,galvez,Dry,0,0,1,0,0
1978,2,jacarepagua,Dry,0,0,1,0,0
1978,3,kyalami,Dry,0,0,1,0,0
1978,4,long_beach,Scattered clouds 17Â Â°C (63Â Â°F)[1],0,0,0,0,1
1978,5,monaco,Dry,0,0,1,0,0
1978,6,zolder,Dry,0,0,1,0,0
1978,7,jarama,Dry,0,0,1,0,0
1978,8,anderstorp,Sunny and warm,1,0,0,0,0
1978,9,ricard,Dry,0,0,1,0,0
1978,10,brands_hatch,Dry,0,0,1,0,0
1978,11,hockenheimring,Dry,0,0,1,0,0
1978,12,osterreichring,Wet,0,0,0,1,0
1978,13,zandvoort,Dry,0,0,1,0,0
1978,14,monza,Sunny,1,0,0,0,0
1978,15,watkins_glen,"Cloudy, dry",0,0,1,0,0
1978,16,villeneuve,Mostly cloudy and cold5Â Â°C (41Â Â°F)[1],0,0,0,0,1
1979,1,galvez,Dry,0,0,1,0,0
1979,2,interlagos,Dry,0,0,1,0,0
1979,3,kyalami,Wet,0,0,0,1,0
1979,4,long_beach,Sunny and warm with temperatures reaching up to 66Â Â°F (19Â Â°C); winds gusting up to 8 miles per hour (13Â km/h)[1],1,0,0,0,0
1979,5,jarama,Dry,0,0,1,0,0
1979,6,zolder,Dry,0,0,1,0,0
1979,7,monaco,Dry,0,0,1,0,0
1979,8,dijon,Dry,0,0,1,0,0
1979,9,silverstone,Dry,0,0,1,0,0
1979,10,hockenheimring,Dry,0,0,1,0,0
1979,11,osterreichring,Dry,0,0,1,0,0
1979,12,zandvoort,Dry,0,0,1,0,0
1979,13,monza,Dry and sunny,1,0,1,0,0
1979,14,villeneuve,"Partially cloudy, mild and dry with temperatures reaching up to 21Â Â°C (70Â Â°F); wind speeds up to 18.3 kilometres per hour (11.4Â mph)[1]",1,0,1,0,0
1979,15,watkins_glen,Rain with temperatures reaching a maximum of 59Â Â°F (15Â Â°C); wind speeds up to 15 miles per hour (24Â km/h)[1],0,0,0,1,0
1980,1,galvez,"Sunny, Very hot, Dry",0,0,1,0,0
1980,2,interlagos,Dry,0,0,1,0,0
1980,3,kyalami,Dry,0,0,1,0,0
1980,4,long_beach,Sunny and warm with temperatures reaching up to 81Â Â°F (27Â Â°C); wind speeds up to 10.9 miles per hour (17.5Â km/h)[1],1,0,0,0,0
1980,5,zolder,Dry,0,0,1,0,0
1980,6,monaco,"Dry at the start, damp in the end",0,0,1,1,0
1980,7,ricard,Dry,0,0,1,0,0
1980,8,brands_hatch,Soleggiato,1,0,0,0,0
1980,9,hockenheimring,"Overcast, Dry",0,0,1,0,0
1980,10,osterreichring,"Mild, Dry",0,0,1,0,0
1980,11,zandvoort,"Sunny, Mild, Dry",0,0,1,0,0
1980,12,imola,"Sunny, Mild, Dry",0,0,1,0,0
1980,13,villeneuve,Cold and dry with temperatures reaching up to 11Â Â°C (52Â Â°F); wind speeds up to 15.9 kilometres per hour (9.9Â mph)[1],0,1,1,0,0
1980,14,watkins_glen,Cloudy and dry with temperatures reaching up to 54Â Â°F (12Â Â°C); wind speeds up to 8 miles per hour (13Â km/h)[1],0,0,1,0,1
1981,1,long_beach,Sunny and warm with temperatures reaching up to 71.1Â Â°F (21.7Â Â°C); wind speeds approaching 10.9 miles per hour (17.5Â km/h)[1],1,0,0,0,0
1981,2,jacarepagua,"Overcast, Fresh, Rain",0,0,0,1,0
1981,3,galvez,"Sunny, Hot, Dry",0,0,1,0,0
1981,4,imola,"Rain, cold",0,1,0,0,0
1981,5,zolder,Wet/Dry,0,0,0,0,0
1981,6,monaco,Dry,0,0,1,0,0
1981,7,jarama,"Sunny, hot",1,0,0,0,0
1981,8,dijon,Wet,0,0,0,1,0
1981,9,silverstone,Dry,0,0,1,0,0
1981,10,hockenheimring,Wet / Dry,0,0,1,1,0
1981,11,osterreichring,"Mild, Dry",0,0,1,0,0
1981,12,zandvoort,"Sunny, Dry",0,0,1,0,0
1981,13,monza,Dry and sunny,1,0,1,0,0
1981,14,villeneuve,Wet and cold with temperatures up to 20Â Â°C (68Â Â°F); wind speeds up to 15 kilometres per hour (9.3Â mph)[1],0,1,0,1,0
1981,15,las_vegas,Sunny with temperatures reaching up to 75Â Â°F (24Â Â°C); wind speeds approaching speeds up to 11.1 miles per hour (17.9Â km/h)[1],1,0,0,0,0
1982,1,kyalami,Dry,0,0,1,0,0
1982,2,jacarepagua,Dry,0,0,1,0,0
1982,3,long_beach,Clear and warm with temperatures reaching up to 63.9Â Â°F (17.7Â Â°C); wind speeds approaching speeds up to 11.8 miles per hour (19.0Â km/h)[1],1,0,0,0,0
1982,4,imola,Soleggiato,1,0,0,0,0
1982,5,zolder,Cold with air temperatures reaching up to 13Â Â°C (55Â Â°F)[1],0,1,0,0,0
1982,6,monaco,"Dry, then Wet",0,0,0,1,0
1982,7,detroit,Sunny and warm with temperatures reaching up to 72Â Â°F (22Â Â°C); wind speeds up to 16.1 miles per hour (25.9Â km/h)[1],1,0,0,0,0
1982,8,villeneuve,Overcast and chilly17Â Â°C (63Â Â°F)[1],0,0,0,0,1
1982,9,zandvoort,Cloudy,0,0,0,0,1
1982,10,brands_hatch,Soleggiato,1,0,0,0,0
1982,11,ricard,Dry,0,0,1,0,0
1982,12,hockenheimring,Dry,0,0,1,0,0
1982,13,osterreichring,"Sunny, hot",1,0,0,0,0
1982,14,dijon,Dry,0,0,1,0,0
1982,15,monza,Dry,0,0,1,0,0
1982,16,las_vegas,Sunny with temperatures reaching up to 98.8Â Â°F (37.1Â Â°C); wind speeds approaching speeds up to 18.1 miles per hour (29.1Â km/h)[1],1,0,0,0,0
1983,1,jacarepagua,Dry,0,0,1,0,0
1983,2,long_beach,Sunny and warm with temperatures reaching up to 65.8Â Â°F (18.8Â Â°C); wind speeds approaching speeds up to 9.9 miles per hour (15.9Â km/h)[1],1,0,0,0,0
1983,3,ricard,"Dry, grey and cool[1]",0,0,0,0,1
1983,4,imola,Soleggiato,1,0,0,0,0
1983,5,monaco,Wet track at the start,0,0,0,1,0
1983,6,spa,Soleggiato,1,0,0,0,0
1983,7,detroit,Sunny and warm with temperatures reaching up to 76.8Â Â°F (24.9Â Â°C); wind speeds up to 11.3 miles per hour (18.2Â km/h)[1],1,0,0,0,0
1983,8,villeneuve,Warm with temperatures approaching 30Â Â°C (86Â Â°F); wind speeds up to 15 kilometres per hour (9.3Â mph)[1],1,0,0,0,0
1983,9,silverstone,Soleggiato,1,0,0,0,0
1983,10,hockenheimring,Dry,0,0,1,0,0
1983,11,osterreichring,Dry,0,0,1,0,0
1983,12,zandvoort,Cloudy,0,0,0,0,1
1983,13,monza,Dry,0,0,1,0,0
1983,14,brands_hatch,Dry,0,0,1,0,0
1983,15,kyalami,Dry,0,0,1,0,0
1984,1,jacarepagua,Dry,0,0,1,0,0
1984,2,kyalami,Dry,0,0,1,0,0
1984,3,zolder,Soleggiato,1,0,0,0,0
1984,4,imola,Soleggiato,1,0,0,0,0
1984,5,dijon,Dry,0,0,1,0,0
1984,6,monaco,Heavy rain and spray,0,0,0,1,0
1984,7,villeneuve,Dry with temperatures approaching 26Â Â°C (79Â Â°F); wind speeds up to 12.9 kilometres per hour (8.0Â mph)[1],0,0,1,0,0
1984,8,detroit,Sunny and warm with temperatures reaching up to 77.9Â Â°F (25.5Â Â°C); wind speeds up to 11.3 miles per hour (18.2Â km/h)[1],1,0,0,0,0
1984,9,dallas,Sunny with temperatures reaching up to 100Â Â°F (38Â Â°C); wind speeds approaching speeds up to 14 miles per hour (23Â km/h)[1],1,0,0,0,0
1984,10,brands_hatch,Soleggiato,1,0,0,0,0
1984,11,hockenheimring,Dry,0,0,1,0,0
1984,12,osterreichring,Dry,0,0,1,0,0
1984,13,zandvoort,Sunny,1,0,0,0,0
1984,14,monza,Dry,0,0,1,0,0
1984,15,nurburgring,Sunny,1,0,0,0,0
1984,16,estoril,Dry,0,0,1,0,0
1985,1,jacarepagua,Dry,0,0,1,0,0
1985,2,estoril,"Overcast, Cold, Rain",0,0,0,1,0
1985,3,imola,"Pole position Giro piÃ_ veloceAyrton Senna Michele AlboretoLotus in 1'27.327 Ferrari in 1'30.961Podio1. Elio De AngelisLotus-Renault2. Thierry BoutsenArrows-BMW 3. Patrick TambayRenault",0,0,0,0,0
1985,4,monaco,Dry,0,0,1,0,0
1985,5,villeneuve,Sunny with temperatures approaching 20.5Â Â°C (68.9Â Â°F); wind speeds up to 12.9 kilometres per hour (8.0Â mph)[1],1,0,0,0,0
1985,6,detroit,Clear and cool with temperatures reaching up to 80.1Â Â°F (26.7Â Â°C); wind speeds up to 23 miles per hour (37Â km/h)[1],1,1,0,0,0
1985,7,ricard,"Dry, hot[2]",0,0,0,0,0
1985,8,silverstone,"Cool, overcast",0,0,0,0,1
1985,9,nurburgring,Dry,0,0,1,0,0
1985,10,osterreichring,Dry,0,0,1,0,0
1985,11,zandvoort,Sunny,1,0,0,0,0
1985,12,monza,Dry,0,0,1,0,0
1985,13,spa,"Wet/Dry, drying up in later stages",0,0,0,0,0
1985,14,brands_hatch,"Pole position Giro piÃ_ veloceAyrton Senna Jacques LaffiteLotus - Renault in 1:07.169[1] Ligier - Renault in 1:11.526[1](nel giro 55[1])Podio1. Nigel MansellWilliams - Honda2. Ayrton SennaLotus - Renault 3. Keke RosbergWilliams - Honda",0,0,0,0,0
1985,15,kyalami,Dry,0,0,1,0,0
1985,16,adelaide,Sunny,1,0,0,0,0
1986,1,jacarepagua,"Hot, dry and sunny",1,0,1,0,0
1986,2,jerez,"Warm, dry and sunny",1,0,1,0,0
1986,3,imola,"Overcast, warm",1,0,0,0,0
1986,4,monaco,"Sunny, mild, dry",0,0,1,0,0
1986,5,spa,Dry,0,0,1,0,0
1986,6,villeneuve,Dry with temperatures approaching 25Â Â°C (77Â Â°F); wind speeds up to 20.5Â km/h (12.7Â mph)[1],0,0,1,0,0
1986,7,detroit,Cloudy and hot with temperatures reaching up to 91Â Â°F (33Â Â°C); wind speeds up to 23 miles per hour (37Â km/h)[1],1,0,0,0,1
1986,8,ricard,Dry,0,0,1,0,0
1986,9,brands_hatch,Sunny,1,0,0,0,0
1986,10,hockenheimring,Dry,0,0,1,0,0
1986,11,hungaroring,Soleggiato,1,0,0,0,0
1986,12,osterreichring,Dry,0,0,1,0,0
1986,13,monza,Dry,0,0,1,0,0
1986,14,estoril,Dry,0,0,1,0,0
1986,15,rodriguez,Sunny and hot,1,0,0,0,0
1986,16,adelaide,Sunny,1,0,0,0,0
1987,1,jacarepagua,Sunny,1,0,0,0,0
1987,2,imola,"Sunny, warm",1,0,0,0,0
1987,3,spa,Cloudy and cool,0,1,0,0,1
1987,4,monaco,Sunny and warm,1,0,0,0,0
1987,5,detroit,Clear with rain showers later on; temperatures reaching up to 78.1Â Â°F (25.6Â Â°C); wind speeds up to 19.6 miles per hour (31.5Â km/h)[1],1,0,0,1,0
1987,6,ricard,Sunny and hot,1,0,0,0,0
1987,7,silverstone,Sunny and warm,1,0,0,0,0
1987,8,hockenheimring,Soleggiato,1,0,0,0,0
1987,9,hungaroring,Dry,0,0,1,0,0
1987,10,osterreichring,Dry,0,0,1,0,0
1987,11,monza,Dry,0,0,1,0,0
1987,12,estoril,Dry,0,0,1,0,0
1987,13,jerez,Sunny and hot,1,0,0,0,0
1987,14,rodriguez,Sunny and hot,1,0,0,0,0
1987,15,suzuka,Dry,0,0,1,0,0
1987,16,adelaide,Sunny,1,0,0,0,0
1988,1,jacarepagua,Cloudy and hot,1,0,0,0,1
1988,2,imola,"Sunny, warm",1,0,0,0,0
1988,3,monaco,Warm and dry,1,0,1,0,0
1988,4,rodriguez,Sunny and hot,1,0,0,0,0
1988,5,villeneuve,Sunny and hot with temperatures up to 29Â Â°C (84Â Â°F); wind speeds up to 19 kilometres per hour (12Â mph)[1],1,0,0,0,0
1988,6,detroit,Warm and sunny with temperatures up to 91.9Â Â°F (33.3Â Â°C); wind speeds up to 11.1 miles per hour (17.9Â km/h)[1],1,0,0,0,0
1988,7,ricard,Sunny and hot,1,0,0,0,0
1988,8,silverstone,Wet and cool,0,1,0,1,0
1988,9,hockenheimring,Wet and cool,0,1,0,1,0
1988,10,hungaroring,Sunny and hot,1,0,0,0,0
1988,11,spa,"Warm, dry and overcast",0,0,1,0,1
1988,12,monza,Sunny and hot,1,0,0,0,0
1988,13,estoril,Sunny and hot,1,0,0,0,0
1988,14,jerez,Sunny and hot,1,0,0,0,0
1988,15,suzuka,"Cool and mainly dry, some rain toward the end",0,1,0,1,0
1988,16,adelaide,Cloudy and hot,1,0,0,0,1
1989,1,jacarepagua,"Very hot, dry, sunny",1,0,0,0,0
1989,2,imola,"Warm, dry, sunny",1,0,0,0,0
1989,3,monaco,"Warm, dry, sunny",1,0,0,0,0
1989,4,rodriguez,"Hot, dry, partly sunny 25Â°C/79Â°F, 40% Humidity, wind NW-10mph",1,0,0,0,0
1989,5,phoenix,"Hot, sunny, 36C (97F) [1]",0,0,0,0,0
1989,6,villeneuve,Cool and rainy with temperatures approaching 24Â Â°C (75Â Â°F); wind speeds up to 17.9 kilometres per hour (11.1Â mph)[1],0,1,0,1,0
1989,7,ricard,"Hot, dry, sunny",1,0,0,0,0
1989,8,silverstone,"Warm, dry, sunny",1,0,0,0,0
1989,9,hockenheimring,"Warm, cloudy",0,0,0,0,1
1989,10,hungaroring,Cloudy,0,0,0,0,1
1989,11,spa,"Wet, cloudy, cool",0,1,0,0,0
1989,12,monza,"Hot, dry, sunny",1,0,0,0,0
1989,13,estoril,"Hot, dry, sunny",1,0,0,0,0
1989,14,jerez,"Dry, hot, sunny",1,0,0,0,0
1989,15,suzuka,"Dry, warm, cloudy",0,0,0,0,1
1989,16,adelaide,"Wet, cool",0,1,0,0,0
1990,1,phoenix,Cloudy and cool with temperatures reaching up to 18Â Â°C (64Â Â°F)[1],0,1,0,0,1
1990,2,interlagos,"Hot, dry, sunny",1,0,0,0,0
1990,3,imola,"Warm, dry, sunny",1,0,0,0,0
1990,4,monaco,"Warm, dry, sunny",1,0,0,0,0
1990,5,villeneuve,Warm and cloudy with temperatures approaching 19.8Â Â°C (67.6Â Â°F); wind speeds up to 27.8 kilometres per hour (17.3Â mph)[1],1,0,0,0,1
1990,6,rodriguez,Overcast21Â Â°C (70Â Â°F)[1],0,0,0,0,0
1990,7,ricard,"Hot, dry, sunny",1,0,0,0,0
1990,8,silverstone,"Hot, dry, sunny",1,0,0,0,0
1990,9,hockenheimring,"Hot, dry, sunny",1,0,0,0,0
1990,10,hungaroring,Dry,0,0,1,0,0
1990,11,spa,"Pole position Giro piÃ_ veloceAyrton Senna Alain ProstMcLaren - Honda in 1:50.365 Ferrari in 1:55.087(nel giro 38[1])Podio1. Ayrton SennaMcLaren - Honda2. Alain ProstFerrari 3. Gerhard BergerMcLaren - Honda",0,0,0,0,0
1990,12,monza,"Hot, dry, sunny",1,0,0,0,0
1990,13,estoril,Gara interrotta per incidente al 61Âº giro,0,0,0,0,0
1990,14,jerez,"Dry, hot, sunny",1,0,0,0,0
1990,15,suzuka,Sunny,1,0,0,0,0
1990,16,adelaide,Sunny,1,0,0,0,0
1991,1,phoenix,Overcast25Â Â°C (77Â Â°F)[1],0,0,0,0,0
1991,2,interlagos,"Cloudy at start, rainy later. Ambient temperature: 29.4Â°C (85Â°F).Humidity: 95%.Wind speed: 33.7 km/h (21 mph).",0,0,0,1,1
1991,3,imola,"Wet at start, dry by finish",0,0,1,1,0
1991,4,monaco,"Cloudy, mild, dry",0,0,1,0,0
1991,5,villeneuve,Mild with temperatures approaching 25Â Â°C (77Â Â°F); wind speeds up to 12 kilometres per hour (7.5Â mph)[1],1,0,0,0,0
1991,6,rodriguez,Mostly Cloudy24Â Â°C (75Â Â°F)[1],0,0,0,0,0
1991,7,magny_cours,Risultati,0,0,0,0,0
1991,8,silverstone,"Hot, dry, sunny",1,0,0,0,0
1991,9,hockenheimring,Hot and sunny,1,0,0,0,0
1991,10,hungaroring,"Hot dry, sunny",1,0,0,0,0
1991,11,spa,Risultati,0,0,0,0,0
1991,12,monza,Sunny and warm,1,0,0,0,0
1991,13,estoril,Sunny and warm,1,0,0,0,0
1991,14,catalunya,"Warm and overcast, drying",1,0,0,0,0
1991,15,suzuka,"Sunny, warm",1,0,0,0,0
1991,16,adelaide,Torrential rain,0,0,0,1,0
1992,1,kyalami,"Hot, dry and dull",0,0,1,0,0
1992,2,rodriguez,Scattered Clouds27Â Â°C (81Â Â°F)[1],0,0,0,0,0
1992,3,interlagos,Dry,0,0,1,0,0
1992,4,catalunya,"Dry at start, wet later",0,0,1,1,0
1992,5,imola,Sunny,1,0,0,0,0
1992,6,monaco,Dry,0,0,1,0,0
1992,7,villeneuve,Dry with temperatures reaching up to 25Â Â°C (77Â Â°F); wind speeds up to 14 kilometres per hour (8.7Â mph)[1],0,0,1,0,0
1992,8,magny_cours,"Dry, then raining",0,0,0,0,0
1992,9,silverstone,Dry,0,0,1,0,0
1992,10,hockenheimring,Dry,0,0,1,0,0
1992,11,hungaroring,Dry,0,0,1,0,0
1992,12,spa,"Overcast, brief rain mid-race",0,0,0,1,0
1992,13,monza,Sunny and warm,1,0,0,0,0
1992,14,estoril,"Dry, sunny, windy",0,0,0,0,0
1992,15,suzuka,"Dry, warm, cloudy",0,0,0,0,1
1992,16,adelaide,Cloudy,0,0,0,0,1
1993,1,kyalami,"Very hot and humid, with torrential thunderstorms. Air temp: 33Â Â°C (91Â Â°F)",1,0,0,0,0
1993,2,interlagos,Dry first then torrential rain; later drying and staying dry for the rest of the race,0,0,1,0,0
1993,3,donington,Rain with dry spells,0,0,1,1,0
1993,4,imola,"Wet at start, dry later",0,0,1,1,0
1993,5,catalunya,Sunny,1,0,0,0,0
1993,6,monaco,"Partly cloudy, mild, dry",0,0,1,0,0
1993,7,villeneuve,Temperatures reaching up to 29Â Â°C (84Â Â°F); wind speeds up to 18.3 kilometres per hour (11.4Â mph)[1],0,0,0,0,0
1993,8,magny_cours,Risultati,0,0,0,0,0
1993,9,silverstone,Dry,0,0,1,0,0
1993,10,hockenheimring,Dry,0,0,1,0,0
1993,11,hungaroring,Risultati,0,0,0,0,0
1993,12,spa,Sunny and clear,1,0,0,0,0
1993,13,monza,Hot and sunny,1,0,0,0,0
1993,14,estoril,"Dry, sunny, windy",0,0,0,0,0
1993,15,suzuka,"Dry/wet, warm, cloudy",0,0,0,0,1
1993,16,adelaide,Sunny,1,0,0,0,0
1994,1,interlagos,Sunny,1,0,0,0,0
1994,2,okayama,Sunny,1,0,0,0,0
1994,3,imola,Sunny,1,0,0,0,0
1994,4,monaco,Sunny,1,0,0,0,0
1994,5,catalunya,Sunny,1,0,0,0,0
1994,6,villeneuve,Warm with temperatures approaching 26.3Â Â°C (79.3Â Â°F); wind speeds up to 21 kilometres per hour (13Â mph)[1],1,0,0,0,0
1994,7,magny_cours,Sunny,1,0,0,0,0
1994,8,silverstone,Sunny,1,0,0,0,0
1994,9,hockenheimring,Sunny,1,0,0,0,0
1994,10,hungaroring,Sunny,1,0,0,0,0
1994,11,spa,Sunny,1,0,0,0,0
1994,12,monza,Sunny,1,0,0,0,0
1994,13,estoril,Sunny,1,0,0,0,0
1994,14,jerez,Sunny,1,0,0,0,0
1994,15,suzuka,"Heavy rain, followed by light showers",0,0,0,1,0
1994,16,adelaide,Sunny,1,0,0,0,0
1995,1,interlagos,Overcast,0,0,0,0,1
1995,2,galvez,Cloudy,0,0,0,0,1
1995,3,imola,"Heavy rain before the start, before brightening up",0,0,0,1,0
1995,4,catalunya,Sunny,1,0,0,0,0
1995,5,monaco,"Warm, sunny",1,0,0,0,0
1995,6,villeneuve,"Cloudy at start, sunny later with temperatures reaching up to 24.3Â Â°C (75.7Â Â°F); wind speeds up to 8 kilometres per hour (5.0Â mph)[1]",1,0,0,0,1
1995,7,magny_cours,"Cloudy, light drizzle at times",0,0,0,0,0
1995,8,silverstone,"Warm, cloudy, windy",0,0,0,0,0
1995,9,hockenheimring,"Sunny, 28Â°C",0,0,0,0,0
1995,10,hungaroring,Sunny,1,0,0,0,0
1995,11,spa,"Cloudy, then heavy rain",0,0,0,1,0
1995,12,monza,Sunny,1,0,0,0,0
1995,13,estoril,Sunny,1,0,0,0,0
1995,14,nurburgring,"Rain, later dried out, air temperature 11C (51F)",0,0,0,0,0
1995,15,okayama,"Cloudy, dry",0,0,1,0,0
1995,16,suzuka,"Rain, later dried out",0,0,0,0,0
1995,17,adelaide,Sunny[2],0,0,0,0,0
1996,1,albert_park,Dry with temperatures reaching up to 23Â Â°C (73Â Â°F)[1],0,0,1,0,0
1996,2,interlagos,"Wet, then drying with temperatures reaching up to 24Â Â°C (75Â Â°F)[1]",0,0,0,0,0
1996,3,galvez,Dry with temperatures reaching up to 21Â Â°C (70Â Â°F)[1],0,0,1,0,0
1996,4,nurburgring,"Cloudy, but dry",0,0,1,0,0
1996,5,imola,Sunny,1,0,0,0,0
1996,6,monaco,"Overcast, mild, wet at first, drying later, light rain at finish",0,0,0,1,0
1996,7,catalunya,Rain,0,0,0,1,0
1996,8,villeneuve,Mostly sunny and warm with temperatures approaching 26Â Â°C (79Â Â°F)[1],1,0,0,0,0
1996,9,magny_cours,Dry,0,0,1,0,0
1996,10,silverstone,Warm and sunny with temperatures reaching up to 25Â Â°C (77Â Â°F)[1],1,0,0,0,0
1996,11,hockenheimring,"Sunny, dry",0,0,1,0,0
1996,12,hungaroring,Sunny with temperatures reaching up to 27Â Â°C (81Â Â°F)[1],1,0,0,0,0
1996,13,spa,Overcast and dry with temperatures reaching up to 17Â Â°C (63Â Â°F)[1],0,0,1,0,1
1996,14,monza,Dry,0,0,1,0,0
1996,15,estoril,Mostly sunny with ambient temperatures reaching 25 Â°C during the day.,1,0,0,0,0
1996,16,suzuka,"Sunny, mild and dry",1,0,1,0,0
1997,1,albert_park,"Partly Cloudy, Dry",0,0,1,0,0
1997,2,interlagos,Overcast and dry with temperatures reaching up to 23Â Â°C (73Â Â°F)[1],0,0,1,0,1
1997,3,galvez,"Partially cloudy and dry, with temperatures reaching up to 21Â Â°C (70Â Â°F)[1]",0,0,0,0,1
1997,4,imola,"Cloudy, Dry, 17 Â°C",0,0,0,0,0
1997,5,monaco,"Overcast, cold and rain, air temperature 11C or 51F",0,1,0,0,0
1997,6,catalunya,Clear,1,0,0,0,0
1997,7,villeneuve,Clear and mild with temperatures approaching 22.7Â Â°C (72.9Â Â°F); wind speeds up to 4.1 kilometres per hour (2.5Â mph)[1],1,0,0,0,0
1997,8,magny_cours,"Dry at first, rain in closing stages",0,0,1,1,0
1997,9,silverstone,"Sunny, Dry Track",0,0,1,0,0
1997,10,hockenheimring,"Sunny, dry track",0,0,1,0,0
1997,11,hungaroring,"Sunny, Dry Track, 27Â°C",0,0,1,0,0
1997,12,spa,"Wet, then drying out with temperatures reaching up to 28Â Â°C (82Â Â°F)[1]",0,0,0,0,0
1997,13,monza,Dry with temperatures reaching up to 29Â Â°C (84Â Â°F)[1],0,0,1,0,0
1997,14,osterreichring,Sunny,1,0,0,0,0
1997,15,nurburgring,"Partially cloudy, mild and dry",1,0,1,0,0
1997,16,suzuka,Sunny[1],0,0,0,0,0
1997,17,jerez,Sunny with temperatures reaching up to 25Â Â°C (77Â Â°F)[1],1,0,0,0,0
1998,1,albert_park,"Clear with maximum temperatures reaching 24 degrees at the start, increasing to 30 degrees by the end of the race.",1,0,0,0,0
1998,2,interlagos,"Mostly cloudy, 31Â Â°C (88Â Â°F)",0,0,0,0,0
1998,3,galvez,Cloudy with variable levels of dryness; temperatures reaching up to 19Â Â°C (66Â Â°F)[1],0,0,0,0,1
1998,4,imola,"Sunny, 25Â Â°C",0,0,0,0,0
1998,5,catalunya,Sunny and warm,1,0,0,0,0
1998,6,monaco,Hot and sunny with temperatures reaching up to 22Â Â°C (72Â Â°F)[1],1,0,0,0,0
1998,7,villeneuve,Cool and overcast with air temperatures reaching up to 16Â Â°C (61Â Â°F); wind speeds up to 2.9 kilometres per hour (1.8Â mph) reported[1],0,1,0,0,1
1998,8,magny_cours,"Sunny, warm",1,0,0,0,0
1998,9,silverstone,"Rain, Wet Track",0,0,0,1,0
1998,10,osterreichring,Sunny,1,0,0,0,0
1998,11,hockenheimring,Cloudy but dry,0,0,1,0,1
1998,12,hungaroring,"Cloudy, hot, dry, 30Â°C",0,0,0,0,0
1998,13,spa,Cold and wet with rain becoming heavier,0,1,0,1,0
1998,14,monza,Sunny,1,0,0,0,0
1998,15,nurburgring,"Cloudy, cold, dry",0,0,1,0,0
1998,16,suzuka,Fine,1,0,0,0,0
1999,1,albert_park,Sunny and dry with temperatures reaching up to 19Â Â°C (66Â Â°F)[1],1,0,1,0,0
1999,2,interlagos,"Sunny, hot, dry 25Â Â°C (77Â Â°F)[1]",0,0,1,0,0
1999,3,imola,"Sunny, mild, dry, 23Â Â°C",0,0,0,0,0
1999,4,monaco,"Sunny, hot, dry",0,0,1,0,0
1999,5,catalunya,"Cloudy, hot, dry 22Â Â°C (72Â Â°F)[1]",0,0,1,0,0
1999,6,villeneuve,Hot with temperatures approaching 31Â Â°C (88Â Â°F); wind speeds up to 5.1 kilometres per hour (3.2Â mph)[1] Track 41â€“43Â Â°C (106â€“109Â Â°F),1,0,0,0,0
1999,7,magny_cours,"Overcast, mild, dry at first, rain later on",0,0,1,1,0
1999,8,silverstone,"Sunny, mild, dry",0,0,1,0,0
1999,9,osterreichring,"Overcast, mild, dry",0,0,1,0,0
1999,10,hockenheimring,"Partially cloudy, very hot, dry",0,0,1,0,0
1999,11,hungaroring,"Partially cloudy, hot, dry, Air: 25Â Â°C (77Â Â°F), Track 37Â Â°C (99Â Â°F)",0,0,0,0,0
1999,12,spa,"Partially cloudy, mild, dry",0,0,1,0,0
1999,13,monza,Hot and dry with temperatures reaching up to 30Â Â°C (86Â Â°F)[1],1,0,1,0,0
1999,14,nurburgring,Wet/Dry,0,0,0,0,0
1999,15,sepang,"Cloudy, hot, dry",0,0,1,0,0
1999,16,suzuka,"Overcast, mild, dry",0,0,1,0,0
2000,1,albert_park,"Sunny,[2] Air Temp: 20Â Â°C",0,0,0,0,0
2000,2,interlagos,"Sunny, Air: 22Â Â°C (72Â Â°F), Track: 35Â Â°C (95Â Â°F)",0,0,0,0,0
2000,3,imola,"Overcast, Mild, Dry, 16Â Â°C",0,0,0,0,0
2000,4,silverstone,"Sunny, mild, dry, Air Temp: 10Â Â°C (50Â Â°F)",0,0,0,0,0
2000,5,catalunya,"Sunny, Mild, Dry",0,0,1,0,0
2000,6,nurburgring,"Dry at first, rain later on, Air: 11Â Â°C (52Â Â°F), Track: 12Â Â°C (54Â Â°F)",0,0,1,1,0
2000,7,monaco,Sunny,1,0,0,0,0
2000,8,villeneuve,"Cloudy and raining; Air 17Â Â°C (63Â Â°F), Track 21Â Â°C (70Â Â°F)",0,0,0,0,1
2000,9,magny_cours,"Sunny, dry, Air Temp: 27Â°C",0,0,0,0,0
2000,10,osterreichring,"Partially cloudy, dry, Air: 17 to 18Â Â°C (63 to 64Â Â°F), Track 18 to 19Â Â°C (64 to 66Â Â°F)",0,0,0,0,0
2000,11,hockenheimring,"Dry/Wet, Air: 21Â Â°C (70Â Â°F), Track: 21 to 25Â Â°C (70 to 77Â Â°F)",0,0,0,0,0
2000,12,hungaroring,"Partially cloudy, very hot, dry, Air; 32Â Â°C (90Â Â°F), Track 34 to 44Â Â°C (93 to 111Â Â°F)",0,0,0,0,0
2000,13,spa,"Wet at start, drying, Air & track temperature; 15Â Â°C (59Â Â°F)",0,0,0,1,0
2000,14,monza,Sunny with temperatures reaching up to 29Â Â°C (84Â Â°F)[1],1,0,0,0,0
2000,15,indianapolis,"Cloudy, drying, Air 12Â Â°C (54Â Â°F), Track 14Â Â°C (57Â Â°F)",0,0,0,0,0
2000,16,suzuka,Dry/wet,0,0,0,0,0
2000,17,sepang,"Overcast, Very hot, Dry",0,0,1,0,0
2001,1,albert_park,"Cloudy, sunny later",1,0,0,0,0
2001,2,sepang,"Rain and Thunderstorms at start, dry later; Air Temp at start: 32Â Â°C (90Â Â°F)",0,0,1,1,0
2001,3,interlagos,"Dry first, rain and thunderstorms later; Air temp: 25â€“30Â Â°C (77â€“86Â Â°F)[1] Track 27â€“40Â Â°C (81â€“104Â Â°F)",0,0,1,1,0
2001,4,imola,"Sunny. Air Temp: 14Â Â°C (57Â Â°F), Track 26Â Â°C (79Â Â°F)",0,0,0,0,0
2001,5,catalunya,"Overcast, Mild, Dry, Air Temp: 18Â°C",0,0,0,0,0
2001,6,osterreichring,"Sunny, Air: 18 to 19Â Â°C (64 to 66Â Â°F), Track 18 to 32Â Â°C (64 to 90Â Â°F)",0,0,0,0,0
2001,7,monaco,"Warm and Sunny, Air Temp: 23Â Â°C (73Â Â°F), Track 36 to 39Â Â°C (97 to 102Â Â°F)",1,0,0,0,0
2001,8,villeneuve,Sunny,1,0,0,0,0
2001,9,nurburgring,"Sunny, mild, dry, Air Temp: 21Â°C",0,0,0,0,0
2001,10,magny_cours,Sunny,1,0,0,0,0
2001,11,silverstone,"Partially cloudy, mild, dry, Air Temp: 16Â Â°C (61Â Â°F), Track 27Â Â°C (81Â Â°F)",0,0,0,0,0
2001,12,hockenheimring,"Partially cloudy, very hot, dry, Air: 28Â Â°C (82Â Â°F), Track: 32Â Â°C (90Â Â°F)",0,0,0,0,0
2001,13,hungaroring,"Hot, dry and partially cloudy",0,0,1,0,1
2001,14,spa,"Overcast, mild, dry, Air Temp: 12 to 16Â Â°C (54 to 61Â Â°F)",0,0,0,0,0
2001,15,monza,"Sunny, partly cloudy, Air: 19 to 20Â Â°C (66 to 68Â Â°F), Track 26Â Â°C (79Â Â°F)",0,0,0,0,0
2001,16,indianapolis,"Sunny, cool, Air: 19â€“21Â Â°C (66â€“70Â Â°F), Track 27Â Â°C (81Â Â°F)",0,0,0,0,0
2001,17,suzuka,"Cloudy, Mild, Dry, Air Temp: 24Â°C",0,0,0,0,0
2002,1,albert_park,"Cloudy at start, clearing to sunny skies.",1,0,0,0,1
2002,2,sepang,"Partially cloudy, hot and dry",1,0,1,0,0
2002,3,interlagos,"Clear, Air Temp: 30Â°C",0,0,0,0,0
2002,4,imola,"Scattered thunderstorms, but remaining dry. Air Temp: 18Â°C",0,0,0,0,0
2002,5,catalunya,"Clear, Air Temp: 20Â°C",0,0,0,0,0
2002,6,osterreichring,"Clear, Air Temp: 20Â°C",0,0,0,0,0
2002,7,monaco,"Fine, Air Temp: 22Â°C",0,0,0,0,0
2002,8,villeneuve,Mostly fine and humid with temperatures reaching a maximum of 24.1Â Â°C (75.4Â Â°F); wind speeds up to 8 kilometres per hour (5.0Â mph)[1],1,0,0,0,0
2002,9,nurburgring,"Mainly Fine, Air Temp: 18Â°C",0,0,0,0,0
2002,10,silverstone,"Dry/Wet, Air Temp: 21Â°C",0,0,0,0,0
2002,11,magny_cours,"Warm and sunny, Air Temp: 25Â°C",1,0,0,0,0
2002,12,hockenheimring,"Fine, Air Temp: 28Â°C",0,0,0,0,0
2002,13,hungaroring,"Partially cloudy, hot and sunny, Air Temp: 28Â Â°C (82Â Â°F)[1]",1,0,0,0,0
2002,14,spa,"Cloudy, Air: 17Â Â°C (63Â Â°F), Track 25Â Â°C (77Â Â°F)[1]",0,0,0,0,0
2002,15,monza,"Sunny, hot, dry 23Â°C",0,0,1,0,0
2002,16,indianapolis,Sunny with temperatures reaching up to 80.1Â Â°F (26.7Â Â°C); wind speeds approaching a maximum of 10.1 miles per hour (16.3Â km/h)[1] Track 93Â Â°F (34Â Â°C),1,0,0,0,0
2002,17,suzuka,"Sunny, Air: 26Â Â°C (79Â Â°F), Track 30Â Â°C (86Â Â°F)",0,0,0,0,0
2003,1,albert_park,"Damp at beginning, dry later, cloudy, mild",1,0,1,1,0
2003,2,sepang,Fine,1,0,0,0,0
2003,3,interlagos,Rainy: 20Â Â°C (68Â Â°F),0,0,0,0,0
2003,4,imola,Mostly cloudy with maximum ambient temperatures reaching 13 degrees during the day.,0,0,0,0,1
2003,5,catalunya,Clear,1,0,0,0,0
2003,6,osterreichring,Mostly cloudy with isolated showers in the area,0,0,0,1,1
2003,7,monaco,Fine,1,0,0,0,0
2003,8,villeneuve,Partly cloudy and mild with temperatures reaching a maximum of 19.3Â Â°C (66.7Â Â°F); wind speeds up to 12.9 kilometres per hour (8.0Â mph)[1],1,0,0,0,1
2003,9,nurburgring,Mostly cloudy with maximum ambient temperatures reaching 25 degrees celsius during the day.,0,0,0,0,1
2003,10,magny_cours,"Cloudy, Air: 26Â Â°C (79Â Â°F), Track 35Â Â°C (95Â Â°F)",0,0,0,0,0
2003,11,silverstone,"Sunny at start, cloudy later, Air: 24Â Â°C (75Â Â°F), Track 29Â Â°C (84Â Â°F)",1,0,0,0,1
2003,12,hockenheimring,Fine,1,0,0,0,0
2003,13,hungaroring,"Warm, dry and sunny, 28Â Â°C (82Â Â°F)",0,0,1,0,0
2003,14,monza,Sunny,1,0,0,0,0
2003,15,indianapolis,Scattered showers with temperatures up to 69.1Â Â°F (20.6Â Â°C); wind speeds up to 14 miles per hour (23Â km/h)[1],0,0,0,1,0
2003,16,suzuka,"Cloudy, Air: 22Â Â°C (72Â Â°F), Track 25Â Â°C (77Â Â°F)",0,0,0,0,0
2004,1,albert_park,Dry & cloudyAir Temp 20Â Â°C (68Â Â°F),0,0,1,0,0
2004,2,sepang,"Dry, light rain at the startAir Temp 34Â Â°C (93Â Â°F)",0,0,0,1,0
2004,3,bahrain,"Warm, dry and overcast",0,0,1,0,1
2004,4,imola,"Clear, air temp: 22Â°C",0,0,0,0,0
2004,5,catalunya,Clear,1,0,0,0,0
2004,6,monaco,Dry and sunny,1,0,1,0,0
2004,7,nurburgring,"Cloudy at start, sunny later",1,0,0,0,1
2004,8,villeneuve,Clear and mild with temperatures approaching 25Â Â°C (77Â Â°F); wind speeds up to 5.8 kilometres per hour (3.6Â mph)[1] Track 35Â Â°C (95Â Â°F)[2],1,0,0,0,0
2004,9,indianapolis,Fine with temperatures reaching up to 24Â Â°C (75Â Â°F); wind speeds approaching speeds of 17.9 kilometres per hour (11.1Â mph)[1],1,0,0,0,0
2004,10,magny_cours,Sunny,1,0,0,0,0
2004,11,silverstone,"Cloudy, Air: 17Â Â°C (63Â Â°F), Track 27Â Â°C (81Â Â°F)",0,0,0,0,0
2004,12,hockenheimring,Sunny,1,0,0,0,0
2004,13,hungaroring,"Warm, dry and sunny, Air: 26Â Â°C (79Â Â°F), Track 42Â Â°C (108Â Â°F)",0,0,1,0,0
2004,14,spa,Dry with temperatures reaching up to 15Â Â°C (59Â Â°F)[1],0,0,1,0,0
2004,15,monza,"Wet track at the start, dry later on",0,0,1,1,0
2004,16,shanghai,Sunny with temperatures reaching up to 27Â Â°C (81Â Â°F)[1],1,0,0,0,0
2004,17,suzuka,Sunny,1,0,0,0,0
2004,18,interlagos,Dry/Wet,0,0,0,0,0
2005,1,albert_park,"Cool, partly cloudy",0,0,0,0,1
2005,2,sepang,Fine,1,0,0,0,0
2005,3,bahrain,"Sunny, very hot, 42Â°C",0,0,0,0,0
2005,4,imola,Fine,1,0,0,0,0
2005,5,catalunya,"Sunny, warm",1,0,0,0,0
2005,6,monaco,Fine,1,0,0,0,0
2005,7,nurburgring,"Partly cloudy, hot and dry",1,0,1,0,0
2005,8,villeneuve,Cloudy and hot with temperatures approaching 32.5Â Â°C (90.5Â Â°F); wind speeds up to 5.1 kilometres per hour (3.2Â mph)[1] Track 43â€“47Â Â°C (109â€“117Â Â°F),1,0,0,0,1
2005,9,indianapolis,"Cloudy, temperatures up to 77Â Â°F (25Â Â°C); wind speeds up to 11.1 miles per hour (17.9Â km/h)[1]",0,0,0,0,0
2005,10,magny_cours,"Sunny, Air: 32Â Â°C (90Â Â°F), Track 53Â Â°C (127Â Â°F)",0,0,0,0,0
2005,11,silverstone,"Sunny, Air: 27Â Â°C (81Â Â°F), Track 47Â Â°C (117Â Â°F)",0,0,0,0,0
2005,12,hockenheimring,"Cloudy with drizzle, but staying dry during the race. Air temp: 24Â°C.",0,0,1,0,1
2005,13,hungaroring,"Sunny, Air: 34Â Â°C (93Â Â°F), Track 45Â Â°C (113Â Â°F)",0,0,0,0,0
2005,14,istanbul,Sunny; 30Â°C Air; 45Â°C Track,0,0,0,0,0
2005,15,monza,Sunny,1,0,0,0,0
2005,16,spa,Wet and dry,0,0,1,1,0
2005,17,interlagos,"Cloudy, dry, Air: 23Â Â°C (73Â Â°F), Track 22Â Â°C (72Â Â°F)",0,0,0,0,0
2005,18,suzuka,Partially cloudy and dry with temperatures reaching up to 25Â Â°C (77Â Â°F)[1],0,0,1,0,1
2005,19,shanghai,Sunny,1,0,0,0,0
2006,1,bahrain,"Fine, Dry and HotAir Temp 23Â Â°C (73Â Â°F)[1]Track Temp 40Â Â°C (104Â Â°F)[1] dropping to 34Â Â°C (93Â Â°F)",0,0,1,0,0
2006,2,sepang,"Fine, Air Temp: 33Â°C, Wind Speed: 1.5 m/s, Humidity: 61%",0,0,0,0,0
2006,3,albert_park,"Cloudy, 14.5C (58F)",0,0,0,0,0
2006,4,imola,Sunny,1,0,0,0,0
2006,5,nurburgring,soleggiato,1,0,0,0,0
2006,6,catalunya,Sunny,1,0,0,0,0
2006,7,monaco,Fine,1,0,0,0,0
2006,8,silverstone,Sunny,1,0,0,0,0
2006,9,villeneuve,Sunny and warm with temperatures reaching up to 28Â Â°C (82Â Â°F); wind speeds up to 4.1 kilometres per hour (2.5Â mph)[1],1,0,0,0,0
2006,10,indianapolis,"Sunny, hot",1,0,0,0,0
2006,11,magny_cours,"Sunny, warm",1,0,0,0,0
2006,12,hockenheimring,"Sunny, warm",1,0,0,0,0
2006,13,hungaroring,Cool and rainy with temperatures reaching up to 20Â Â°C (68Â Â°F)[1],0,1,0,1,0
2006,14,istanbul,"Sunny, hot",1,0,0,0,0
2006,15,monza,Warm and sunny with temperatures reaching up to 27Â Â°C (81Â Â°F)[1],1,0,0,0,0
2006,16,shanghai,"Cloudy, wet track that progressively dried up.Rainy during the last few laps.",0,0,0,1,0
2006,17,suzuka,Fine,1,0,0,0,0
2006,18,interlagos,Temperatures reaching up to 23Â Â°C (73Â Â°F)[1],0,0,0,0,0
2007,1,albert_park,Clear with temperatures reaching up to 21Â Â°C (70Â Â°F)[1],1,0,0,0,0
2007,2,sepang,Sunny[1],0,0,0,0,0
2007,3,bahrain,"Sunny, dry, windy",0,0,0,0,0
2007,4,catalunya,Sunny and warm,1,0,0,0,0
2007,5,monaco,Cloudy Air Temp 24-27oC Track Temp 33-42oC,0,0,0,0,1
2007,6,villeneuve,Warm with temperatures approaching 26Â Â°C (79Â Â°F); wind speeds up to 5.8 kilometres per hour (3.6Â mph)[1],1,0,0,0,0
2007,7,indianapolis,Warm (33C/91F) and clear,1,0,0,0,0
2007,8,magny_cours,Cloudy,0,0,0,0,1
2007,9,silverstone,Dry and sunny,1,0,1,0,0
2007,10,nurburgring,Heavy Rain on Lap 1. Drying track at restart. Light Rain before the finish.,0,0,0,1,0
2007,11,hungaroring,"Sunny, temperatures reaching up to 27Â Â°C (81Â Â°F)[1]",0,0,0,0,0
2007,12,istanbul,Sunny,1,0,0,0,0
2007,13,monza,Sunny,1,0,0,0,0
2007,14,spa,"Partly cloudy, mild and dry",1,0,1,0,0
2007,15,fuji,Very heavy rain,0,0,0,1,0
2007,16,shanghai,Light Rain at the start before drying out. Light rain in the middle of the race before drying.,0,0,0,1,0
2007,17,interlagos,"37Â Â°C (Air), 63Â Â°C (Track)",0,0,0,0,0
2008,1,albert_park,"Sunny,very hot with air temperature 39Â°C.",1,0,0,0,0
2008,2,sepang,"Sunny, partly cloudy",0,0,0,0,1
2008,3,bahrain,Dry,0,0,1,0,0
2008,4,catalunya,Sunny,1,0,0,0,0
2008,5,istanbul,Sunny with temperatures reaching up to 17Â Â°C (63Â Â°F)[3],1,0,0,0,0
2008,6,monaco,"Wet, drying later.",0,0,0,0,0
2008,7,villeneuve,Hot with temperatures approaching 31Â Â°C (88Â Â°F); wind speeds up to 8.9 kilometres per hour (5.5Â mph)[1],1,0,0,0,0
2008,8,magny_cours,Dry at first; light rain in the final stages,0,0,1,1,0
2008,9,silverstone,"Rain, later drying",0,0,0,0,0
2008,10,hockenheimring,"Cloudy, later sunny[1]",0,0,0,0,0
2008,11,hungaroring,"Sunny; Air 30â€“31Â Â°C (86â€“88Â Â°F), Track 40â€“43Â Â°C (104â€“109Â Â°F)",0,0,0,0,0
2008,12,valencia,Sunny,1,0,0,0,0
2008,13,spa,"Cloudy, rain in last 3 laps",0,0,0,1,0
2008,14,monza,"Heavy rain, dry towards the end",0,0,1,0,0
2008,15,marina_bay,"Dry, Air Temp: 28Â°C, Wind Speed: 2.2m/s, Humidity: 79%",0,0,0,0,0
2008,16,fuji,Cloudy with temperatures reaching up to 17Â Â°C (63Â Â°F)[1],0,0,0,0,1
2008,17,shanghai,Dry,0,0,1,0,0
2008,18,interlagos,"Rain at beginning and end, otherwise drying",0,0,0,1,0
2009,1,albert_park,Sunny with temperatures reaching up to 27Â Â°C (81Â Â°F)[2],1,0,0,0,0
2009,2,sepang,"Dry start, with heavy rain and thunderstorm/monsoon later",0,0,1,1,0
2009,3,shanghai,Rain,0,0,0,1,0
2009,4,bahrain,Sunny,1,0,0,0,0
2009,5,catalunya,"Warm, Sunny",1,0,0,0,0
2009,6,monaco,Sunny,1,0,0,0,0
2009,7,istanbul,Sunny,1,0,0,0,0
2009,8,silverstone,"Dry, overcast",0,0,0,0,1
2009,9,nurburgring,Sunny and overcast,1,0,0,0,1
2009,10,hungaroring,Sunny25Â Â°C (77Â Â°F)[2],0,0,0,0,0
2009,11,valencia,Hot and dry with temperatures reaching up to 33Â Â°C (91Â Â°F)[1],1,0,1,0,0
2009,12,spa,Clear but Mild,1,0,0,0,0
2009,13,monza,Mainly sunny,1,0,0,0,0
2009,14,marina_bay,Hot and Dry,1,0,1,0,0
2009,15,suzuka,"Sunny, Dry",0,0,1,0,0
2009,16,interlagos,Partially cloudy and dry,0,0,1,0,1
2009,17,yas_marina,Dry,0,0,1,0,0
2010,1,bahrain,Sunny,1,0,0,0,0
2010,2,albert_park,Overcast with light rain at start,0,0,0,1,1
2010,3,sepang,"Mainly cloudy, dry",0,0,1,0,0
2010,4,shanghai,"Cloudy, rain",0,0,0,1,0
2010,5,catalunya,"Mainly cloudy, dry",0,0,1,0,0
2010,6,monaco,"Mainly cloudy, dry",0,0,1,0,0
2010,7,istanbul,Air: 28 to 29Â Â°C (82 to 84Â Â°F) Track: 39 to 49Â Â°C (102 to 120Â Â°F),0,0,0,0,0
2010,8,villeneuve,Warm with temperatures approaching 26Â Â°C (79Â Â°F); wind speeds up to 4.9 kilometres per hour (3.0Â mph)[1],1,0,0,0,0
2010,9,valencia,Dry,0,0,1,0,0
2010,10,silverstone,Mainly sunny,1,0,0,0,0
2010,11,hockenheimring,"Mainly cloudy, dry",0,0,1,0,0
2010,12,hungaroring,Mainly sunny28Â Â°C (82Â Â°F)[1],0,0,0,0,0
2010,13,spa,Intermittent rain,0,0,0,1,0
2010,14,monza,Sunny,1,0,0,0,0
2010,15,marina_bay,"Clear; Air temp 29 to 30Â Â°C (84 to 86Â Â°F), Track temp 31Â Â°C (88Â Â°F)[2][3]",0,0,0,0,0
2010,16,suzuka,"Heavy Rain (practice), Sunny (race)",1,0,0,1,0
2010,17,yeongam,"Rain; Air 20Â Â°C (68Â Â°F), Track 18Â Â°C (64Â Â°F)",0,0,0,0,0
2010,18,interlagos,Clear; 25Â Â°C (77Â Â°F),0,0,0,0,0
2010,19,yas_marina,Dry[1] Air Temp 28Â Â°C (82Â Â°F)[1] Track Temp 33Â Â°C (91Â Â°F) dropping to 29Â Â°C (84Â Â°F)[1],0,0,0,0,0
2011,1,albert_park,"Sunny, 18Â°C",0,0,0,0,0
2011,2,sepang,"Cloudy, dry",0,0,1,0,0
2011,3,shanghai,Fine and Dry[1] Air Temp 22Â Â°C (72Â Â°F)[1] Track Temp 32Â Â°C (90Â Â°F) dropping to 26Â Â°C (79Â Â°F)[1],1,0,0,0,0
2011,4,istanbul,"Sunny, Fine and Dry[2] Air Temp 17Â Â°C (63Â Â°F)[2] Track Temp 35Â Â°C (95Â Â°F) dropping to 30Â Â°C (86Â Â°F)[2]",1,0,0,0,0
2011,5,catalunya,"Mainly sunny, Fine and Dry[2][3] Air Temp 27Â Â°C (81Â Â°F)[3] Track Temp 33Â Â°C (91Â Â°F) to 44Â Â°C (111Â Â°F)[3]",1,0,0,0,0
2011,6,monaco,"Sunny, Fine and Dry[2]Air Temp 24Â Â°C (75Â Â°F)[2]Track Temp 44Â Â°C (111Â Â°F)[2]",1,0,0,0,0
2011,7,villeneuve,"Wet at start, very heavy rain later, after rain stops, track drying towards the end. Temperatures up to 27Â Â°C (81Â Â°F); wind speeds up to 12 kilometres per hour (7.5Â mph)[1]",0,0,0,1,0
2011,8,valencia,"Clear, Fine and Dry[1][2] Air Temp 27Â Â°C (81Â Â°F)[2] Track Temp 47Â Â°C (117Â Â°F)[2]",1,0,0,0,0
2011,9,silverstone,Wet track at start; subsequently drying[1]Air Temp 20Â Â°C (68Â Â°F)[1]Track Temp 22Â Â°C (72Â Â°F)[1],0,0,0,1,0
2011,10,nurburgring,"Cloudy, (light) rain at start",0,0,0,1,0
2011,11,hungaroring,"Cloudy, rain showers",0,0,0,1,0
2011,12,spa,"Cloudy, dry",0,0,1,0,0
2011,13,monza,Mainly sunny,1,0,0,0,0
2011,14,marina_bay,Hot and humid Air Temp 31Â Â°C (88Â Â°F)[1],1,0,0,0,0
2011,15,suzuka,Sunny and dry Air Temp 24Â Â°C (75Â Â°F)[2],1,0,1,0,0
2011,16,yeongam,"Dry, light rain at the start Air Temp 21Â Â°C (70Â Â°F)[2]",0,0,0,1,0
2011,17,buddh,Fine and Dry Air Temp 30Â Â°C (86Â Â°F)[1],1,0,1,0,0
2011,18,yas_marina,Fine and Dry Air Temp 25Â Â°C (77Â Â°F)[1],1,0,1,0,0
2011,19,interlagos,Fine Air Temp 24Â Â°C (75Â Â°F) Track Temp 43Â Â°C (109Â Â°F)[1],1,0,0,0,0
2012,1,albert_park,Fine[1] Air Temp 22Â Â°C (72Â Â°F)[1] Track Temp 30Â Â°C (86Â Â°F) dropping to 22Â Â°C (72Â Â°F)[1],0,0,0,0,0
2012,2,sepang,Heavy rain clearing to cloudy and dry[2] Air Temp 26Â Â°C (79Â Â°F)[2]  Track Temp 29Â Â°C (84Â Â°F) dropping to 24Â Â°C (75Â Â°F) [2],0,0,0,1,1
2012,3,shanghai,Overcast but Dry[1] Air Temp 22Â Â°C (72Â Â°F)[1] Track Temp 23Â Â°C (73Â Â°F) [1],0,0,0,0,1
2012,4,bahrain,Sunny and hot[1][2] Air Temp 27Â Â°C (81Â Â°F)[2] Track Temp 33Â Â°C (91Â Â°F) dropping to 29Â Â°C (84Â Â°F)[2],1,0,0,0,0
2012,5,catalunya,"Partially cloudy, dry [2] Air Temp 23Â Â°C (73Â Â°F)[2] Track Temp 36Â Â°C (97Â Â°F) [2]",0,0,1,0,0
2012,6,monaco,"Fine and Dry, showers threatening at end[2] Air Temp 21Â Â°C (70Â Â°F)[2] Track Temp 38Â Â°C (100Â Â°F) dropping to 31Â Â°C (88Â Â°F)[2]",1,0,0,1,0
2012,7,villeneuve,"Fine, dry and warm;[2] with air temperature approaching 29Â Â°C (84Â Â°F)[2] Track Temp 45Â Â°C (113Â Â°F) dropping to 39Â Â°C (102Â Â°F)[2]",0,0,1,0,0
2012,8,valencia,Fine and Dry[2] Air Temp 27Â Â°C (81Â Â°F)[2] Track Temp 45Â Â°C (113Â Â°F) [2],1,0,0,0,0
2012,9,silverstone,DryAir Temp 20Â Â°C (68Â Â°F)[2]Track Temp 31Â Â°C (88Â Â°F)[2],0,0,0,0,0
2012,10,hockenheimring,Fine and Dry[2] Air Temp 22Â Â°C (72Â Â°F)[2] Track Temp 30Â Â°C (86Â Â°F)[2],1,0,0,0,0
2012,11,hungaroring,Fine and Dry. Very Hot[2][3] Air Temp 30Â Â°C (86Â Â°F)[3] Track Temp 45Â Â°C (113Â Â°F)[3],1,0,0,0,0
2012,12,spa,Fine and Dry[2] Air Temp 23Â Â°C (73Â Â°F)[2] Track Temp 33Â Â°C (91Â Â°F)[2],1,0,0,0,0
2012,13,monza,Dry and sizzlingly sunny[2] Air temp 28Â Â°C (82Â Â°F)[2] Track temp 40Â Â°C (104Â Â°F)[2],0,0,1,0,0
2012,14,marina_bay,Hot and humid[2]Air Temp 29Â Â°C (84Â Â°F)[2]Track Temp 31Â Â°C (88Â Â°F)[2],1,0,0,0,0
2012,15,suzuka,Fine and Dry[2] Air Temp 23Â Â°C (73Â Â°F)[2] Track Temp 32Â Â°C (90Â Â°F)[2],1,0,0,0,0
2012,16,yeongam,Fine and Dry[3] Air Temp 21Â Â°C (70Â Â°F)[3] Track Temp 27Â Â°C (81Â Â°F) dropping to 23Â Â°C (73Â Â°F)[3],1,0,0,0,0
2012,17,buddh,"Fine, Dry, a little hazy and a little dusty[2] Air Temp 30Â Â°C (86Â Â°F)[2] Track Temp 36Â Â°C (97Â Â°F) dropping to 31Â Â°C (88Â Â°F)[2]",0,0,0,0,0
2012,18,yas_marina,Dry[2] Air Temp 29Â Â°C (84Â Â°F)[2] Track Temp 34Â Â°C (93Â Â°F) dropping to 29Â Â°C (84Â Â°F)[2],0,0,0,0,0
2012,19,americas,Scattered clouds[2][3]Air temp 24Â Â°C (75Â Â°F)[3]Track temp 32Â Â°C (90Â Â°F)[3],0,0,0,0,0
2012,20,interlagos,"Race start: drops of rain, light rain shower getting heavier at the end.[2] Air Temp 19Â Â°C (66Â Â°F)[2] Track Temp 21Â Â°C (70Â Â°F)[2]",0,0,0,1,0
2013,1,albert_park,"Scattered Clouds, Fine and Dry[2] Air Temp 18Â Â°C (64Â Â°F)[2] Track Temp 25Â Â°C (77Â Â°F) dropping to 19Â Â°C (66Â Â°F)[2]",1,0,0,0,0
2013,2,sepang,Light rain clearing to cloudy and dry,0,0,1,1,1
2013,3,shanghai,Sereno,1,0,0,0,0
2013,4,bahrain,Sereno,1,0,0,0,0
2013,5,catalunya,Sunny,1,0,0,0,0
2013,6,monaco,Warm and sunny,1,0,0,0,0
2013,7,villeneuve,Mild with temperatures approaching 23Â Â°C (73Â Â°F); wind speeds up to 15 kilometres per hour (9.3Â mph)[2],1,0,0,0,0
2013,8,silverstone,Dry,0,0,1,0,0
2013,9,nurburgring,Sunny,1,0,0,0,0
2013,10,hungaroring,"Very hot and sunny, 35Â°C.",1,0,0,0,0
2013,11,spa,Coperto,0,0,0,0,1
2013,12,monza,Cloudy,0,0,0,0,1
2013,13,marina_bay,Dry and 29 degrees,0,0,1,0,0
2013,14,yeongam,Cloudy with maximum temperatures reaching 29 degrees during the day,0,0,0,0,1
2013,15,suzuka,Warm and sunny,1,0,0,0,0
2013,16,buddh,"Sunny, haze",0,0,0,0,0
2013,17,yas_marina,Clear,1,0,0,0,0
2013,18,americas,"Partly cloudy, warmTemperatures reaching up to 89.1Â Â°F (31.7Â Â°C); wind speeds approaching speeds of 11.1 miles per hour (17.9Â km/h)[2]",0,0,0,0,0
2013,19,interlagos,"Cloudy, Air Temp: 18Â°C",0,0,0,0,0
2014,1,albert_park,"Overcast, 19Â°C(66Â°F)",0,0,0,0,0
2014,2,sepang,"Dry, 32Â°C",0,0,0,0,0
2014,3,bahrain,Dry,0,0,1,0,0
2014,4,shanghai,"Mostly cloudy, dry",0,0,1,0,0
2014,5,catalunya,Sunny,1,0,0,0,0
2014,6,monaco,"Overcast, Air: 20 to 21Â Â°C (68 to 70Â Â°F), Track: 28 to 30Â Â°C (82 to 86Â Â°F).",0,0,0,0,0
2014,7,villeneuve,Temperatures up to 27.6Â Â°C (81.7Â Â°F); wind speeds up to 16.4 kilometres per hour (10.2Â mph)[5],0,0,0,0,0
2014,8,red_bull_ring,"Partially cloudy, hot and dry",1,0,1,0,0
2014,9,silverstone,Mostly cloudy with maximum temperatures reaching 21 degrees during the day.,0,0,0,0,1
2014,10,hockenheimring,not found,0,0,0,0,0
2014,11,hungaroring,"Overcast. Wet track at start, then drying. Scattered thunderstorms during the day, temperatures reaching a maximum of 26 degrees.[1]",0,0,0,1,0
2014,12,spa,Mostly cloudy,0,0,0,0,1
2014,13,monza,"Sunny; Air: 25Â Â°C (77Â Â°F), Track: 37 to 42Â Â°C (99 to 108Â Â°F)",0,0,0,0,0
2014,14,marina_bay,Clear. Air: 28 to 30Â Â°C (82 to 86Â Â°F) Track: 33 to 37Â Â°C (91 to 99Â Â°F).,0,0,0,0,0
2014,15,suzuka,Rain. Air: 20Â Â°C (68Â Â°F) Track: 24Â Â°C (75Â Â°F),0,0,0,0,0
2014,16,sochi,"Fine and dry;21Â Â°C (70Â Â°F) ambient temperature,33Â Â°C (91Â Â°F) track temperature[4]",1,0,0,0,0
2014,17,americas,"Sunny, Air: 23Â Â°C (73Â Â°F), Track: 31 to 34Â Â°C (88 to 93Â Â°F)",0,0,0,0,0
2014,18,interlagos,"Sunny, Air: 23 to 24Â Â°C (73 to 75Â Â°F), Track: 46 to 50Â Â°C (115 to 122Â Â°F)",0,0,0,0,0
2014,19,yas_marina,"Clear skies; Air temp: 30 Â°C (86 Â°F) during the day, dropping to 24 Â°C (75.2 Â°F). Wind speed: 8 km/h (4.9 mph).[2] (Night race)",1,0,0,0,0
2015,1,albert_park,Partly cloudy17â€“18Â Â°C (63â€“64Â Â°F) air temperature32â€“37Â Â°C (90â€“99Â Â°F) track temperature6Â m/s (20Â ft/s) wind from the south[3],0,0,0,0,0
2015,2,sepang,Sunny32â€“33Â Â°C (90â€“91Â Â°F) air temperature53â€“58Â Â°C (127â€“136Â Â°F) track temperature2Â m/s (6.6Â ft/s) wind from the south[3],0,0,0,0,0
2015,3,shanghai,Sunny21Â Â°C (70Â Â°F) air temperature46Â Â°C (115Â Â°F) track temperature1.4Â m/s (4.6Â ft/s) wind from the northwest[1],0,0,0,0,0
2015,4,bahrain,"Sunny, clear24â€“26Â Â°C (75â€“79Â Â°F) air temperature28â€“31Â Â°C (82â€“88Â Â°F) track temperature1.5Â m/s (4.9Â ft/s) wind from the north[1]",0,0,0,0,0
2015,5,catalunya,Sunny25Â Â°C (77Â Â°F) air temperature44Â Â°C (111Â Â°F) track temperature1.8Â m/s (5.9Â ft/s) wind from the northeast[3],0,0,0,0,0
2015,6,monaco,Partly cloudy18â€“19Â Â°C (64â€“66Â Â°F) air temperature31â€“37Â Â°C (88â€“99Â Â°F) track temperature1.5Â m/s (4.9Â ft/s) wind from the west[2],0,0,0,0,0
2015,7,villeneuve,Sunny20â€“21Â Â°C (68â€“70Â Â°F) air temperature39Â Â°C (102Â Â°F) track temperature4Â m/s (13Â ft/s) wind from the north[2],0,0,0,0,0
2015,8,red_bull_ring,Cloudy14â€“15Â Â°C (57â€“59Â Â°F) air temperature27â€“32Â Â°C (81â€“90Â Â°F) track temperature2Â m/s (6.6Â ft/s) wind from the west[2],0,0,0,0,0
2015,9,silverstone,"Cloudy, rain at times17â€“20Â Â°C (63â€“68Â Â°F) air temperature24â€“32Â Â°C (75â€“90Â Â°F) track temperature2.5Â m/s (8.2Â ft/s) wind from the east[2]",0,0,0,1,0
2015,10,hungaroring,Sunny22â€“24Â Â°C (72â€“75Â Â°F) air temperature41â€“48Â Â°C (106â€“118Â Â°F) track temperature3.2Â m/s (10Â ft/s) wind from the east[2],0,0,0,0,0
2015,11,spa,Cloudy23Â Â°C (73Â Â°F) air temperature33â€“37Â Â°C (91â€“99Â Â°F) track temperature3.5Â m/s (11Â ft/s) wind from the northwest[2],0,0,0,0,0
2015,12,monza,Partly cloudy22â€“23Â Â°C (72â€“73Â Â°F) air temperature38â€“39Â Â°C (100â€“102Â Â°F) track temperature1.5Â m/s (4.9Â ft/s) wind from changing directions[2],0,0,0,0,0
2015,13,marina_bay,Dry28â€“29Â Â°C (82â€“84Â Â°F) air temperature34â€“36Â Â°C (93â€“97Â Â°F) track temperature0.5Â m/s (1.6Â ft/s) wind from the west[2],0,0,0,0,0
2015,14,suzuka,Partly cloudy27Â Â°C (81Â Â°F) air temperature52â€“54Â Â°C (126â€“129Â Â°F) track temperature4.5Â m/s (15Â ft/s) wind from the east[2],0,0,0,0,0
2015,15,sochi,Partly cloudy18Â Â°C (64Â Â°F) air temperature25â€“27Â Â°C (77â€“81Â Â°F) track temperature1.5Â m/s (4.9Â ft/s) wind from the north[2],0,0,0,0,0
2015,16,americas,Very cloudy17Â Â°C (63Â Â°F) air temperature17â€“20Â Â°C (63â€“68Â Â°F) track temperature8Â m/s (26Â ft/s) wind from the south[2],0,0,0,0,0
2015,17,rodriguez,Partly cloudy22â€“24Â Â°C (72â€“75Â Â°F) air temperature48â€“56Â Â°C (118â€“133Â Â°F) track temperature1.5Â m/s (4.9Â ft/s) wind from the northwest[2],0,0,0,0,0
2015,18,interlagos,Dry22â€“28Â Â°C (72â€“82Â Â°F) air temperature38â€“48Â Â°C (100â€“118Â Â°F) track temperature2.5Â m/s (8.2Â ft/s) wind from the north[2],0,0,0,0,0
2015,19,yas_marina,Clear25â€“27Â Â°C (77â€“81Â Â°F) air temperature28â€“29Â Â°C (82â€“84Â Â°F) track temperature1.5Â m/s (4.9Â ft/s) wind from the south[3],0,0,0,0,0
2016,1,albert_park,Partly cloudy22â€“23Â Â°C (72â€“73Â Â°F) air temperature26â€“36Â Â°C (79â€“97Â Â°F) track temperature4Â m/s (8.9Â mph; 14Â km/h) wind from the south[4],0,0,0,0,0
2016,2,bahrain,Dry21â€“22Â Â°C (70â€“72Â Â°F) air temperature26â€“29Â Â°C (79â€“84Â Â°F) track temperature2Â m/s (6.6Â ft/s) wind from the southwest[4],0,0,0,0,0
2016,3,shanghai,Sunny21Â Â°C (70Â Â°F) air temperature37Â Â°C (99Â Â°F) track temperature4.8Â m/s (16Â ft/s) wind from the northeast[4],0,0,0,0,0
2016,4,sochi,Partly cloudy16Â Â°C (61Â Â°F) air temperature37â€“41Â Â°C (99â€“106Â Â°F) track temperature2.5Â m/s (8.2Â ft/s) wind from the southwest[4],0,0,0,0,0
2016,5,catalunya,Partly cloudy20â€“22Â Â°C (68â€“72Â Â°F) air temperature39â€“41Â Â°C (102â€“106Â Â°F) track temperature2Â m/s (6.6Â ft/s) wind from the north[4],0,0,0,0,0
2016,6,monaco,"Rainy at start, dry later17â€“18Â Â°C (63â€“64Â Â°F) air temperature20â€“22Â Â°C (68â€“72Â Â°F) track temperature2Â m/s (6.6Â ft/s) wind from the north[4]",0,0,1,1,0
2016,7,villeneuve,Cloudy12Â Â°C (54Â Â°F) air temperature21â€“23Â Â°C (70â€“73Â Â°F) track temperature2.5Â m/s (8.2Â ft/s) wind from the southeast[4],0,0,0,0,0
2016,8,BAK,Partly cloudy30â€“33Â Â°C (86â€“91Â Â°F) air temperature39â€“45Â Â°C (102â€“113Â Â°F) track temperature2.5Â m/s (8.2Â ft/s) wind from the southeast[4],0,0,0,0,0
2016,9,red_bull_ring,Cloudy,0,0,0,0,1
2016,10,silverstone,"Wet at start, dry later",0,0,1,1,0
2016,11,hungaroring,Sunny,1,0,0,0,0
2016,12,hockenheimring,Partially cloudy and dry,0,0,1,0,1
2016,13,spa,Partially cloudy and dry,0,0,1,0,1
2016,14,monza,"Sunny, warm",1,0,0,0,0
2016,15,marina_bay,Clear30Â Â°C (86Â Â°F) air temperature34â€“35Â Â°C (93â€“95Â Â°F) track temperature1.5Â m/s (4.9Â ft/s) wind from the east[2],0,0,0,0,0
2016,16,sepang,Sunny33Â Â°C (91Â Â°F) air temperature49Â Â°C (120Â Â°F) track temperature2.8Â m/s (9.2Â ft/s) wind from the west[2],0,0,0,0,0
2016,17,suzuka,Cloudy,0,0,0,0,1
2016,18,americas,Sunny and hot with temperatures reaching up to 84Â Â°F (29Â Â°C); wind speeds approaching speeds of 9.2 miles per hour (14.8Â km/h)[2],1,0,0,0,0
2016,19,rodriguez,Sunny,1,0,0,0,0
2016,20,interlagos,Rain and 16Â Â°C (60.8Â Â°F),0,0,0,1,0
2016,21,yas_marina,Sunny,1,0,0,0,0
2017,1,albert_park,Partly cloudy24Â Â°C (75Â Â°F) air temperature31â€“36Â Â°C (88â€“97Â Â°F) track temperature2Â m/s (4.5Â mph; 7.2Â km/h) wind from the northwest[3],0,0,0,0,0
2017,2,shanghai,Coperto,0,0,0,0,1
2017,3,bahrain,Sereno,1,0,0,0,0
2017,4,sochi,Sereno,1,0,0,0,0
2017,5,catalunya,Soleggiato,1,0,0,0,0
2017,6,monaco,Soleggiato,1,0,0,0,0
2017,7,villeneuve,Sunny and hot with temperatures reaching up to 29Â Â°C (84Â Â°F); wind speeds reaching 12.9 kilometres per hour (8.0Â mph)[4],1,0,0,0,0
2017,8,BAK,Sunny,1,0,0,0,0
2017,9,red_bull_ring,Partly cloudy,0,0,0,0,1
2017,10,silverstone,Overcast,0,0,0,0,1
2017,11,hungaroring,Sunny,1,0,0,0,0
2017,12,spa,Partially cloudy and dry,0,0,1,0,1
2017,13,monza,Sunny,1,0,0,0,0
2017,14,marina_bay,"Wet at start, then drying. Air temperature: 28Â°C (82Â°F)",0,0,0,1,0
2017,15,sepang,Cloudy,0,0,0,0,1
2017,16,suzuka,Sunny,1,0,0,0,0
2017,17,americas,Sunny with temperatures reaching up to 82.9Â Â°F (28.3Â Â°C); wind speeds approaching speeds of 13.8 miles per hour (22.2Â km/h)[4],1,0,0,0,0
2017,18,rodriguez,"Sunny, dry",0,0,1,0,0
2017,19,interlagos,Soleggiato,1,0,0,0,0
2017,20,yas_marina,Clear,1,0,0,0,0
2018,1,albert_park,Sunny,1,0,0,0,0
2018,2,bahrain,Sereno,1,0,0,0,0
2018,3,shanghai,Soleggiato,1,0,0,0,0
2018,4,BAK,Cloudy,0,0,0,0,1
2018,5,catalunya,"Partially cloudy and dry, 16Â°C and cold.",0,0,0,0,1
2018,6,monaco,Coperto,0,0,0,0,1
2018,7,villeneuve,Temperatures reaching up to 22.7Â Â°C (72.9Â Â°F); with wind speeds reaching 11.1 kilometres per hour (6.9Â mph)[2],0,0,0,0,0
2018,8,ricard,"Partially cloudy, warm and dry",1,0,1,0,0
2018,9,red_bull_ring,Sunny,1,0,0,0,0
2018,10,silverstone,Sunny 27.0Â Â°C (80.6Â Â°F)[2],1,0,0,0,0
2018,11,hockenheimring,Overcast with intermittent rain,0,0,0,1,1
2018,12,hungaroring,Sereno,1,0,0,0,0
2018,13,spa,Parzialmente nuvoloso,0,0,0,0,1
2018,14,monza,Parzialmente nuvoloso,0,0,0,0,1
2018,15,marina_bay,Sereno,1,0,0,0,0
2018,16,sochi,Parzialmente nuvoloso,0,0,0,0,1
2018,17,suzuka,Soleggiato,1,0,0,0,0
2018,18,americas,Soleggiato,1,0,0,0,0
2018,19,rodriguez,Parzialmente nuvoloso,0,0,0,0,1
2018,20,interlagos,Parzialmente nuvoloso,0,0,0,0,1
2018,21,yas_marina,Parzialmente nuvoloso,0,0,0,0,1
2019,1,albert_park,Sereno,1,0,0,0,0
2019,2,bahrain,Clear,1,0,0,0,0
2019,3,shanghai,Nuvoloso,0,0,0,0,1
2019,4,BAK,Sereno,1,0,0,0,0
2019,5,catalunya,Sereno,1,0,0,0,0
2019,6,monaco,Overcast,0,0,0,0,1
2019,7,villeneuve,Temperatures reaching up to 29.6Â Â°C (85.3Â Â°F); wind speeds negligible[2],0,0,0,0,0
2019,8,ricard,Clear,1,0,0,0,0
2019,9,red_bull_ring,"Sunny, 36C (97F)",0,0,0,0,0
2019,10,silverstone,Partly cloudy,0,0,0,0,1
2019,11,hockenheimring,"Early rain, Late clouds",0,0,0,0,1
2019,12,hungaroring,Sunny,1,0,0,0,0
2019,13,spa,Partly cloudy,0,0,0,0,1
2019,14,monza,Partly cloudy,0,0,0,0,1
2019,15,marina_bay,Slightly hazy,0,0,0,0,0
2019,16,sochi,Partly cloudy,0,0,0,0,1
2019,17,suzuka,Sunny,1,0,0,0,0
2019,18,rodriguez,Partly cloudy,0,0,0,0,1
2019,19,americas,Sunny,1,0,0,0,0
2019,20,interlagos,Sunny,1,0,0,0,0
2019,21,yas_marina,Clear,1,0,0,0,0
2020,1,red_bull_ring,Sunny,1,0,0,0,0
2020,2,red_bull_ring,Sunny,1,0,0,0,0
2020,3,hungaroring,Partly cloudy,0,0,0,0,1
2020,4,silverstone,not found,0,0,0,0,0
2020,5,silverstone,not found,0,0,0,0,0
2020,6,catalunya,not found,0,0,0,0,0
2020,7,spa,not found,0,0,0,0,0
2020,8,monza,not found,0,0,0,0,0